﻿<?xml version="1.0" encoding="utf-8" ?>
<selector xmlns:android="http://schemas.android.com/apk/res/android">
  <item android:state_focused="true" >
    <shape android:shape="rectangle">
      <gradient
          android:startColor="@color/entry_background"
          android:endColor="@color/entry_background"
          android:angle="270" />
      <stroke
          android:width="2dp"
          android:color="#939393" />
      <corners
          android:radius="6dp" />
    </shape>
  </item>
  <item>
    <shape android:shape="rectangle">
      <gradient
          android:startColor="@color/entry_background"
          android:endColor="@color/entry_background"
          android:angle="270" />
      <stroke
          android:width="2dp"
          android:color="#939393" />
      <corners
          android:radius="6dp" />
    </shape>
  </item>
</selector>
