<?xml version="1.0" encoding="utf-8" ?>
<resources>

  <style name="MainTheme" parent="MainTheme.Base">

    <!-- As of Xamarin.Forms 4.6 the theme has moved into the Forms binary -->
    <!-- If you want to override anything you can do that here. -->
    <!-- Underneath are a couple of entries to get you started. -->

    <!-- Set theme colors from https://aka.ms/material-colors -->
    <!-- colorPrimary is used for the default action bar background -->
    <item name="colorPrimary">#22577E</item>
    <!-- colorPrimaryDark is used for the status bar -->
    <item name="colorPrimaryDark">#22577E</item>
    <!-- colorAccent is used as the default value for colorControlActivated
         which is used to tint widgets -->
    <item name="colorAccent">#FF4081</item>
  </style>
  
  <style name="AppTheme" parent="Theme.MaterialComponents.Light.NoActionBar">
    <item name="colorPrimary">#9fa8c4</item>
    <!-- colorPrimaryDark is used for the status bar -->
    <item name="colorSecondary">#FFE162</item>
    <!-- colorAccent is used as the default value for colorControlActivated
         which is used to tint widgets -->
    <item name="colorAccent">#ff4500</item>
  </style>
  
  
  <style name="MainTheme1" parent="Theme.AppCompat.Light.DarkActionBar">
    <!--If you are using revision 22.1 please use just windowNoTitle. Without android:-->
    <item name="windowNoTitle">true</item>
    <!--We will be using the toolbar so no need to show ActionBar-->
    <item name="windowActionBar">false</item>
    <!-- Set theme colors from https://aka.ms/material-colors -->
    <!-- colorPrimary is used for the default action bar background -->
    <item name="colorPrimary">#001933</item>
    <!-- colorPrimaryDark is used for the status bar -->
    <item name="colorPrimaryDark">#001933</item>
    <!-- colorAccent is used as the default value for colorControlActivated
         which is used to tint widgets -->
    <item name="colorAccent">#FF4081</item>
    <!-- You can also set colorControlNormal, colorControlActivated
         colorControlHighlight and colorSwitchThumbNormal. -->
    <item name="windowActionModeOverlay">true</item>

    <item name="android:datePickerDialogTheme">@style/AppCompatDialogStyle</item>
  </style>


</resources>